武将名	所属勢力
明智秀満	織田
明智光秀	織田
尼子晴久	群雄
甘粕景持	上杉
甘利虎泰	武田
安東愛季	群雄
荒木村重	織田
朝倉義景	群雄
安宅冬康	群雄
浅井長政	群雄
馬場信春	武田
千坂景親	上杉
長宗我部元親	群雄
伊達晴宗	群雄
伊達政宗	群雄
伊達輝宗	群雄
藤林正保	群雄
福島正則	豊臣
蜂須賀小六	豊臣
原虎胤	武田
樋口兼豊	上杉
本多正信	徳川
本多忠勝	徳川
本願寺顕如	群雄
堀直政	織田
北条綱成	群雄
北条氏康	群雄
一条信龍	武田
今川義元	群雄
稲葉一鉄	織田
板垣信方	武田
寿桂尼	群雄
柿崎景家	上杉
可児才蔵	豊臣
加藤清正	豊臣
加藤嘉明	豊臣
河田長親	上杉
帰蝶	織田
小島弥太郎	上杉
高力清長	徳川
黒田官兵衛	豊臣
前田慶次	織田
前田利家	織田
真柄直隆	群雄
まつ	織田
松平信康	徳川
松永久秀	群雄
宮部継潤	豊臣
三好実休	群雄
森可成	織田
毛利元就	群雄
毛利隆元	群雄
長野業正	上杉
内藤昌豊	武田
南部晴政	群雄
成田甲斐	豊臣
ねね	豊臣
飯富虎昌	武田
織田信長	織田
お江	徳川
お初	豊臣
お市	織田
岡部元信	武田
大祝鶴	群雄
大久保長安	徳川
太田資正	上杉
大内義隆	群雄
斎藤義龍	群雄
酒井忠次	徳川
榊原康政	徳川
佐久間信盛	織田
真田昌幸	武田
佐竹義重	群雄
里見義堯	群雄
仙桃院	上杉
柴田勝家	織田
島津貴久	群雄
十河一存	群雄
相馬盛胤	群雄
陶晴賢	群雄
諏訪姫	武田
鈴木佐大夫	群雄
立花道雪	群雄
立花誾千代	群雄
高橋紹運	群雄
武田信玄	武田
竹中半兵衛	豊臣
徳川家康	徳川
豊臣秀吉	豊臣
津田算長	群雄
妻木熙子	織田
上杉謙信	上杉
浦上宗景	群雄
宇佐美定満	上杉
山県昌景	武田
山本勘助	武田
瑞渓院	群雄
